Item 1, Item 2, Item 3, Item 4, Item 5, Item 6, Item 7, Item 8, Item 9, Item 10, Item 11
citrus fruit, semi-finish margarine, ready soups 
tropical fruit yogurt,coffee 
whole milk 
pip fruit,yogurt, cream, cheese spreads 
other veg, whole milk, condensed, long life bakery product
whole milk, butter,rice, abrasive cleaner
rolls/buns,potted plants
whole milk, cereals,tropical fruit, whole bread, bottled war chocolate
citrus fruit, tropical fruit, whole milk, butter,curd,yogurt,flour,bottled war dishes
sugar, frankfurter rolls/buns, soda, chicken, tropical fruit
butter, sugar, fruit/vegetable, newspapers
fruit/vegetable juice,packaged fruit/vegetables, chocolate, specialty bar, other vegetables
butter milk pastry, whole milk, tropical fruit cream, processed detergent, newspapers
tropical fruit, root vegetable, frozen dessert, rolls/buns, flour, sweet spice, salty snack, waffles, candy, bathroom cleaner
bottled war, canned beer
