Symbol,ltp,%Change,Open,High,Low,Qty,PClose,Diff
ACLBSL,894.90,0.01,900.00,900.00,880.00,804,894.80,0.1
ADBL,297.00,0.13,299.00,299.80,296.00,"9,898",296.60,0.4
AHL,366.00,0.6,365.00,366.00,361.20,"2,543",363.80,2.2
AHPC,248.20,-0.12,249.90,249.90,248.00,"38,059",248.50,-0.3
AKJCL,340.30,-1.16,347.70,349.50,338.00,"281,818",344.30,-4
AKPL,245.00,0.82,245.00,246.50,242.00,"43,929",243.00,2
ALBSL,"1,190.00",8.29,"1,060.00","1,190.00","1,060.00","13,128","1,098.90",91.1
ALICL,399.50,0.38,398.00,400.00,397.00,"15,632",398.00,1.5
ANLB,"5,023.50",-6.1,"5,617.00","5,617.00","4,854.30","1,068","5,350.00",-326.5
APHL,673.30,-0.55,680.00,680.00,673.10,"4,386",677.00,-3.7
API,326.10,-0.94,330.00,330.00,325.00,"115,353",329.20,-3.1
AVYAN,"1,007.00",0.7,"1,028.50","1,029.00",999.10,"1,868","1,000.00",7
BANDIPUR,644.00,0.31,645.00,647.40,640.10,"10,507",642.00,2
BARUN,307.00,-0.49,308.00,313.00,305.80,"27,286",308.50,-1.5
BBC,"4,082.00",1.19,"4,050.00","4,088.00","4,050.00",212,"4,034.00",48
BEDC,286.00,0.35,286.00,290.00,281.00,"11,605",285.00,1
BFC,458.00,-0.41,464.40,464.40,456.00,"6,315",459.90,-1.9
BGWT,477.00,-1.65,466.00,488.00,435.00,"62,270",485.00,-8
BHCL,540.00,-0.55,520.00,555.00,520.00,"13,335",543.00,-3
BHDC,414.30,0.44,413.00,420.00,412.10,"6,633",412.50,1.8
BHL,198.00,-0.5,200.00,202.00,198.00,"50,408",199.00,-1
BHPL,438.00,-0.23,460.90,460.90,430.00,"3,870",439.00,-1
BJHL,647.90,0.92,650.00,650.00,632.00,"6,403",642.00,5.9
BNHC,259.50,0.58,261.90,261.90,256.00,"10,821",258.00,1.5
BNT,"11,650.00",0,"11,649.00","11,650.00","11,550.00",120,"11,650.00",0
BPCL,633.60,-1.61,644.00,644.90,628.00,"5,079",644.00,-10.4
BUNGAL,515.00,-0.77,520.00,529.90,515.00,"7,510",519.00,-4
C30MF,9.95,0,9.75,9.95,9.75,600,9.95,0
CBBL,932.00,0.16,927.70,933.00,927.70,"3,931",930.50,1.5
CBBLPO,511.00,0,511.00,511.00,511.00,"4,414",511.00,0
CBLD88,"1,160.60",0.48,"1,160.60","1,160.60","1,160.60",10,"1,155.00",5.6
CFCL,598.40,-5.76,603.30,603.30,580.00,"116,315",635.00,-36.6
CGH,767.00,-0.13,768.00,770.00,765.00,"7,006",768.00,-1
CHCL,370.20,-1.8,377.00,380.00,368.00,"137,474",377.00,-6.8
CHDC,"2,179.00",0.55,"2,170.00","2,185.00","2,160.00","2,892","2,167.00",12
CHL,250.00,0.08,262.20,262.20,248.10,"14,915",249.80,0.2
CIT,"1,719.90",3.81,"1,658.00","1,722.00","1,653.00","11,654","1,656.70",63.2
CITY,340.00,-1.36,345.00,347.70,339.00,"56,349",344.70,-4.7
CIZBD90,"1,261.70",3,"1,259.00","1,261.70","1,259.00",150,"1,225.00",36.7
CKHL,615.00,8.56,577.00,615.00,549.60,646,566.50,48.5
CLI,415.00,0.68,412.10,416.00,411.30,"5,103",412.20,2.8
CORBL,896.00,1.24,900.00,905.00,885.00,"11,070",885.00,11
CREST,"1,049.00",-0.1,"1,059.00","1,059.00","1,035.00","1,811","1,050.00",-1
CSY,8.63,-0.12,8.64,9.13,8.17,"74,651",8.64,-0.01
CYCL,"1,599.90",1.59,"1,559.30","1,638.00","1,515.10","12,853","1,574.90",25
CZBIL,198.80,0.81,207.00,207.00,195.00,"23,707",197.20,1.6
DDBL,831.00,-0.36,839.00,839.00,827.00,"1,725",834.00,-3
DHEL,571.00,0.74,550.20,573.00,550.20,"9,552",566.80,4.2
DHPL,264.00,-2.22,276.40,276.40,262.20,"3,793",270.00,-6
DLBS,993.00,0.8,981.20,"1,010.00",981.20,302,985.10,7.9
DOLTI,282.00,-0.7,286.40,286.40,275.00,"25,887",284.00,-2
DORDI,236.70,-0.96,244.00,244.00,235.70,"9,039",239.00,-2.3
EBL,716.10,0.15,713.00,717.00,713.00,"17,284",715.00,1.1
EBLD85,"1,122.70",3,"1,122.70","1,122.70","1,122.70",50,"1,090.00",32.7
EBLD91,"1,133.00",3,"1,125.00","1,133.00","1,125.00",35,"1,100.00",33
EBLEB89,"1,067.00",0,"1,040.10","1,067.00","1,040.10",51,"1,067.00",0
ECL,"1,282.00",-0.93,"1,275.00","1,300.00","1,261.00","10,889","1,294.00",-12
EDBL,570.00,-0.87,579.90,579.90,565.50,"1,730",575.00,-5
EHPL,312.00,1.86,308.00,314.20,307.50,"10,143",306.30,5.7
ENL,813.60,-0.51,797.00,813.60,783.00,335,817.80,-4.2
FMDBL,726.00,0.15,720.00,730.00,720.00,"3,971",724.90,1.1
FOWAD,874.50,0.52,850.00,890.00,845.00,"3,595",870.00,4.5
GBBL,436.30,2.42,430.00,436.30,425.20,"199,020",426.00,10.3
GBIME,250.00,0.04,250.40,254.50,247.00,"147,780",249.90,0.1
GBIMESY2,8.93,0.45,8.89,8.93,8.89,500,8.89,0.04
GBLBS,660.00,0.08,650.00,665.00,646.10,"2,007",659.50,0.5
GCIL,379.30,-1.74,386.00,386.00,379.00,"22,215",386.00,-6.7
GFCL,572.00,0.35,563.30,572.80,563.30,"3,460",570.00,2
GHL,221.00,-1.47,235.00,235.00,220.00,"65,253",224.30,-3.3
GIBF1,10.51,0.29,10.45,10.79,10.45,"24,650",10.48,0.03
GILB,"1,091.00",0.08,"1,074.00","1,091.00","1,074.00",622,"1,090.10",0.9
GLBSL,"1,611.00",-0.56,"1,585.20","1,611.00","1,585.20",207,"1,620.00",-9
GLH,245.00,0.29,241.50,246.80,239.00,"25,858",244.30,0.7
GMFBS,"1,066.60",-2.15,"1,062.00","1,093.00","1,062.00",281,"1,090.00",-23.4
GMFIL,414.10,-0.7,420.00,420.00,413.00,"6,329",417.00,-2.9
GMLI,944.00,-0.61,950.00,950.00,927.10,"1,021",949.80,-5.8
GRDBL,977.00,1.99,911.00,977.70,911.00,"9,490",957.90,19.1
GSY,8.95,0.11,8.95,9.10,8.95,"5,900",8.94,0.01
GUFL,506.00,0.48,504.00,511.00,504.00,"9,819",503.60,2.4
GVL,479.00,1.35,475.00,479.00,470.00,"7,893",472.60,6.4
H8020,12.00,3.27,11.96,13.18,11.90,"3,678,997",11.62,0.38
HATHY,609.00,0,607.00,609.00,595.10,"7,502",609.00,0
HBL,187.60,0.05,185.00,187.90,184.00,"34,664",187.50,0.1
HDHPC,198.30,-0.2,200.90,201.70,198.00,"51,411",198.70,-0.4
HDL,"1,170.30",0.54,"1,164.00","1,178.90","1,162.00","16,547","1,164.00",6.3
HEI,464.70,-0.21,474.00,474.00,452.00,"14,341",465.70,-1
HEIP,303.40,1.07,308.80,312.50,303.40,"2,155",300.20,3.2
HFIN,622.90,0.79,615.00,630.00,613.60,"28,307",618.00,4.9
HHL,319.90,-0.03,321.00,323.00,316.50,"10,206",320.00,-0.1
HIDCL,239.00,-0.17,239.60,241.00,237.40,"29,189",239.40,-0.4
HIDCLP,179.50,-0.66,180.00,181.00,179.00,"30,426",180.70,-1.2
HIMSTAR,632.00,-1.02,654.00,654.00,626.10,"2,279",638.50,-6.5
HLBSL,855.00,-0.45,841.20,855.00,841.20,226,858.90,-3.9
HLI,295.00,0.68,296.00,297.80,293.20,"20,749",293.00,2
HLICF,8.31,0.12,8.50,8.54,8.30,"1,000",8.30,0.01
HPPL,363.10,-0.19,367.00,367.00,363.10,"41,254",363.80,-0.7
HRL,519.90,0.17,515.00,524.00,515.00,"41,825",519.00,0.9
HURJA,228.00,-0.87,232.00,232.00,225.00,"36,438",230.00,-2
ICFC,585.00,0.24,585.50,586.50,584.00,"3,923",583.60,1.4
ICFCD83,868.40,2.99,843.20,843.20,843.20,1,843.20,25.2
ICFCD88,"1,105.10",-1.66,"1,105.10","1,105.10","1,105.10",25,"1,123.80",-18.7
IGI,377.00,-0.82,380.10,384.00,375.10,"5,529",380.10,-3.1
IHL,304.00,1.5,299.00,305.00,295.00,"5,362",299.50,4.5
ILBS,837.00,0.97,800.00,844.00,800.00,"1,697",829.00,8
ILI,404.90,1.56,400.00,408.90,399.00,"9,663",398.70,6.2
JBBD87,"1,170.00",3.27,"1,154.90","1,170.00","1,154.90",435,"1,133.00",37
JBBL,325.00,-0.61,325.00,329.90,318.00,"24,532",327.00,-2
JBLB,"1,248.10",-0.07,"1,248.00","1,251.00","1,245.00","1,790","1,249.00",-0.9
JFL,368.90,-0.3,370.00,370.00,361.20,"6,967",370.00,-1.1
JHAPA,"1,012.00",-0.74,"1,010.00","1,029.90","1,010.00","1,683","1,019.50",-7.5
JOSHI,256.00,-1.12,257.00,257.00,253.00,"9,860",258.90,-2.9
JSLBB,949.80,2.68,925.00,949.80,925.00,40,925.00,24.8
KAHL,490.00,1.24,480.00,495.00,480.00,"18,961",484.00,6
KBL,213.00,0.09,212.80,213.70,210.00,"153,621",212.80,0.2
KBLD86,"1,143.30",3,"1,110.00","1,110.00","1,110.00",8,"1,110.00",33.3
KBLD89,"1,280.00",1.59,"1,280.00","1,280.00","1,280.00",280,"1,260.00",20
KBSH,802.00,1.39,803.00,804.00,779.00,"11,658",791.00,11
KDBY,9.82,0.1,10.00,10.09,9.81,"143,900",9.81,0.01
KDL,740.00,1.37,730.00,747.90,730.00,420,730.00,10
KEF,9.70,0,9.50,9.70,9.45,"8,800",9.70,0
KHPL,740.10,0.28,738.00,750.50,730.00,"6,607",738.00,2.1
KKHC,264.10,-0.71,253.00,269.90,253.00,"60,972",266.00,-1.9
KMCDB,772.00,1.18,735.00,875.00,735.00,"9,805",763.00,9
KPCL,447.10,0.02,447.20,450.90,445.60,"3,101",447.00,0.1
KSBBL,463.00,-3.54,475.00,475.00,463.00,"27,883",480.00,-17
LBBL,482.80,1.05,473.00,483.90,470.70,"17,558",477.80,5
LEC,210.00,-0.1,210.50,212.70,209.50,"71,132",210.20,-0.2
LICN,754.00,-0.76,759.80,759.80,750.00,"9,370",759.80,-5.8
LLBS,846.10,-1.39,879.00,879.00,840.00,388,858.00,-11.9
LSH12,9.01,0.11,9.00,9.10,9.00,"2,000",9.00,0.01
LSL,223.00,0.9,221.30,225.00,221.30,"78,161",221.00,2
LUK,9.40,-3.09,9.41,9.41,9.13,300,9.70,-0.3
LVF2,9.27,0,9.01,9.27,8.76,"5,700",9.27,0
MABEL,564.00,1.26,550.00,565.80,550.00,"3,709",557.00,7
MAKAR,406.50,0.59,411.00,413.80,405.00,"103,617",404.10,2.4
MANDU,677.00,1.65,665.00,677.00,655.00,"5,408",666.00,11
MATRI,716.20,0.17,706.60,720.00,706.60,269,715.00,1.2
MBJC,274.00,2.89,267.90,276.00,263.50,"62,315",266.30,7.7
MBL,246.00,0.49,242.20,248.80,242.20,"106,970",244.80,1.2
MBLD87,"1,127.00",0,"1,127.00","1,127.00","1,127.00",65,"1,127.00",0
MBLEF,9.13,1,9.07,9.31,9.07,"14,893",9.04,0.09
MCHL,253.00,-0.47,248.00,260.90,241.70,"5,221",254.20,-1.2
MDB,553.00,-0.09,554.30,559.90,553.00,"7,670",553.50,-0.5
MEHL,227.00,-1.3,230.00,232.90,225.00,"78,734",230.00,-3
MEL,200.50,1.47,197.50,200.50,197.50,"6,981",197.60,2.9
MEN,627.10,0.85,621.00,632.80,620.50,"159,060",621.80,5.3
MEPDL,660.00,6.45,618.40,660.00,611.10,"24,744",620.00,40
MERO,606.00,-0.62,609.80,609.80,600.00,"1,110",609.80,-3.8
MFIL,730.00,1.53,725.00,795.00,705.50,"15,417",719.00,11
MFLD85,"1,105.00",0,"1,105.00","1,105.00","1,105.00",75,"1,105.00",0
MHCL,285.00,0.35,276.00,285.00,276.00,"1,155",284.00,1
MHL,445.00,0.38,442.50,447.80,440.00,"1,354",443.30,1.7
MHNL,235.50,-0.59,235.00,236.80,232.00,"2,318",236.90,-1.4
MKCL,899.90,4.64,861.00,899.90,856.10,"1,680",860.00,39.9
MKHC,269.60,7.84,255.00,269.80,254.00,"64,064",250.00,19.6
MKHL,494.00,1.46,487.00,515.00,477.30,"2,969",486.90,7.1
MKJC,290.00,-2.49,295.00,299.00,286.00,"47,203",297.40,-7.4
MLBBL,925.00,-0.22,916.10,927.80,915.00,867,927.00,-2
MLBL,344.00,0.06,340.00,344.40,340.00,"5,673",343.80,0.2
MLBLD89,"1,287.50",3,"1,287.50","1,287.50","1,287.50",25,"1,250.00",37.5
MLBS,995.00,0.07,995.00,"1,008.00",995.00,603,994.30,0.7
MLBSL,"1,055.00",1.74,"1,060.00","1,060.00","1,044.00","1,070","1,037.00",18
MMF1,8.77,-1.46,8.64,8.89,8.64,"5,641",8.90,-0.13
MMKJL,368.90,-3.28,388.00,388.00,364.00,"8,438",381.40,-12.5
MNBBL,356.90,0.56,356.00,357.50,355.00,"28,287",354.90,2
MND84/85,"1,052.00",-0.02,"1,052.00","1,052.00","1,052.00",65,"1,052.20",-0.2
MNMF1,9.00,-1.32,9.05,9.20,9.00,"2,100",9.12,-0.12
MPFL,589.60,0.77,594.90,594.90,585.10,"2,316",585.10,4.5
MSHL,534.00,2.3,510.00,535.00,510.00,517,522.00,12
MSLB,"1,196.00",-1.16,"1,200.10","1,200.10","1,175.00",928,"1,210.00",-14
NABBC,732.00,0.51,728.00,740.00,720.00,"8,368",728.30,3.7
NABIL,539.00,0.28,540.00,540.00,537.50,"21,616",537.50,1.5
NADEP,685.00,-1.82,695.00,699.70,685.00,303,697.70,-12.7
NBF2,9.80,0,9.75,9.80,9.73,"1,600",9.80,0
NBF3,9.54,4.72,9.11,9.54,9.11,"7,800",9.11,0.43
NBL,275.90,0.66,275.10,276.80,272.40,"90,624",274.10,1.8
NBLD87,"1,065.10",-1.38,"1,065.10","1,065.10","1,065.10",25,"1,080.00",-14.9
NESDO,"1,307.90",1.15,"1,310.00","1,310.00","1,290.10",627,"1,293.00",14.9
NFS,525.00,0,525.00,528.80,520.00,"3,136",525.00,0
NGPL,388.00,-1.52,397.00,397.00,387.10,"123,903",394.00,-6
NHDL,633.00,0.64,616.00,633.00,616.00,90,629.00,4
NHPC,254.00,-0.74,254.90,257.50,252.60,"92,558",255.90,-1.9
NIBLGF,8.36,-2.79,8.60,8.60,8.36,200,8.60,-0.24
NIBLSTF,8.30,0.97,8.01,8.30,8.01,450,8.22,0.08
NIBSF2,8.35,0.24,8.35,8.40,8.35,600,8.33,0.02
NICA,309.50,0.49,308.00,310.00,307.00,"26,480",308.00,1.5
NICAD85/86,"1,120.00",0,"1,120.00","1,120.00","1,120.00",340,"1,120.00",0
NICBF,8.72,0.35,8.95,8.95,8.72,"20,000",8.69,0.03
NICD88,"1,095.00",2.62,"1,099.00","1,099.00","1,095.00",50,"1,067.00",28
NICFC,8.72,-0.34,8.70,8.73,8.70,"2,500",8.75,-0.03
NICGF2,8.64,-0.69,8.50,8.90,8.50,"8,415",8.70,-0.06
NICL,420.00,-1.39,426.30,426.30,415.20,"7,318",425.90,-5.9
NICLBSL,515.00,-0.94,512.00,517.70,510.00,"7,262",519.90,-4.9
NICSF,8.31,-2.46,8.55,8.55,8.31,"2,037",8.52,-0.21
NIFRA,240.00,-0.41,241.00,242.10,239.40,"36,551",241.00,-1
NIL,520.00,-0.76,524.00,524.00,516.00,"10,455",524.00,-4
NIMB,182.00,-0.55,183.00,184.00,181.00,"90,898",183.00,-1
NLG,494.00,0.71,505.00,505.00,485.00,"6,165",490.50,3.5
NLIC,696.00,0.14,695.00,700.00,695.00,"7,257",695.00,1
NLICL,550.00,-0.31,553.00,560.90,550.00,"5,530",551.70,-1.7
NMB,238.50,-0.46,239.00,240.90,238.10,"26,122",239.60,-1.1
NMBD89/90,"1,259.60",2.99,"1,259.60","1,259.60","1,259.60",25,"1,223.00",36.6
NMBHF2,8.98,4.66,8.55,8.98,8.55,"1,700",8.58,0.4
NMBMF,580.00,0,580.00,580.00,580.00,230,580.00,0
NMBUR93/94,909.00,-3.4,915.00,915.00,907.10,80,941.00,-32
NMFBS,"1,112.00",1.31,"1,097.60","1,115.00","1,097.60","1,694","1,097.60",14.4
NMIC,777.00,-1.02,795.00,796.00,773.00,"3,494",785.00,-8
NMLBBL,484.00,0.52,475.60,485.00,475.00,817,481.50,2.5
NRIC,800.00,-0.74,830.00,830.00,795.20,"8,425",806.00,-6
NRM,285.20,0.49,285.00,292.10,282.00,"2,515",283.80,1.4
NRN,"1,391.00",-1.35,"1,400.00","1,408.00","1,380.10","38,921","1,410.00",-19
NSIF2,9.90,-1,10.00,10.00,9.81,"208,045",10.00,-0.1
NSY,9.16,1.1,9.00,9.16,8.90,"2,400",9.06,0.1
NTC,881.00,0,890.00,890.00,878.20,"7,356",881.00,0
NUBL,570.00,-0.87,564.10,575.00,564.10,"2,889",575.00,-5
NWCL,597.00,-1.49,590.20,600.00,590.20,"1,160",606.00,-9
NYADI,345.00,-0.29,338.30,354.90,338.20,"2,251",346.00,-1
OHL,620.00,0.16,616.00,620.00,616.00,546,619.00,1
OMPL,883.00,-0.23,880.00,887.00,872.00,"1,363",885.00,-2
PCBL,238.00,0.42,237.10,239.90,235.20,"40,298",237.00,1
PCIL,620.10,-1.26,628.00,633.00,615.00,"21,397",628.00,-7.9
PHCL,302.80,0.93,300.00,304.80,298.40,"33,666",300.00,2.8
PMHPL,298.00,2.23,289.00,298.00,289.00,"2,073",291.50,6.5
PMLI,398.30,-0.95,402.00,410.00,398.00,"5,367",402.10,-3.8
PPCL,335.00,1.82,345.40,345.40,325.10,"3,967",329.00,6
PPL,302.90,-0.03,303.00,304.00,298.30,"26,321",303.00,-0.1
PRIN,593.00,-0.17,585.20,595.00,583.60,"1,668",594.00,-1
PROFL,380.00,-0.24,381.10,385.00,376.00,"6,334",380.90,-0.9
PRSF,12.89,1.5,12.70,12.89,12.60,"225,597",12.70,0.19
PRVU,177.50,0.85,179.00,179.00,176.20,"64,386",176.00,1.5
PSF,11.99,-0.17,12.00,12.18,11.99,"76,101",12.01,-0.02
PURE,662.00,-13.33,770.00,774.00,662.00,"8,483",763.80,-101.8
RADHI,679.00,0.59,681.00,681.00,674.00,"39,400",675.00,4
RAWA,393.00,-1.75,395.00,400.00,393.00,"16,939",400.00,-7
RBBD2088,"1,066.60",2.99,"1,066.00","1,066.60","1,066.00",35,"1,035.60",31
RBBF40,9.00,-2.91,9.00,9.00,8.75,700,9.27,-0.27
RBCL,"13,355.00",0.41,"13,400.00","13,489.00","13,355.00",50,"13,301.00",54
RBCLPO,"11,215.10",2.98,"11,215.00","11,215.10","11,215.00",20,"10,890.20",324.9
RFPL,326.00,-0.31,327.00,330.00,320.00,"15,011",327.00,-1
RHGCL,247.80,1.98,243.00,247.80,242.00,"6,594",243.00,4.8
RHPL,173.10,-3.19,175.00,179.70,172.20,"115,868",178.80,-5.7
RIDI,344.00,-2.27,355.00,357.00,342.00,"272,952",352.00,-8
RLEL,772.00,-2.28,790.00,790.00,770.00,"4,752",790.00,-18
RLFL,418.10,-0.67,424.00,430.00,418.10,"7,707",420.90,-2.8
RMF1,9.50,5.32,9.29,9.51,9.21,"19,600",9.02,0.48
RNLI,410.00,0.51,405.00,411.90,405.00,"8,261",407.90,2.1
RSDC,619.90,0.8,615.00,620.00,612.00,"1,542",615.00,4.9
RSML,"2,830.00",5.01,"2,681.30","2,850.00","2,681.30","146,528","2,695.00",135
RSY,9.47,0.53,9.39,9.53,9.39,"7,040",9.42,0.05
RSY2,8.92,0.22,8.70,9.15,8.70,"9,630",8.90,0.02
RURU,572.50,1.31,567.00,579.00,565.10,"3,001",565.10,7.4
SABBL,879.00,1.6,850.00,887.00,850.00,"5,900",865.20,13.8
SADBL,406.50,0.12,406.00,410.00,402.50,"11,628",406.00,0.5
SAEF2,9.03,0.44,8.97,9.10,8.97,"3,300",8.99,0.04
SAGAR,"1,500.00",-1.32,"1,550.00","1,550.00","1,500.00","3,864","1,520.00",-20
SAGF,9.63,-3.7,9.90,9.90,9.63,"5,200",10.00,-0.37
SAHAS,686.90,-0.2,689.00,692.80,683.20,"55,247",688.30,-1.4
SAIL,994.00,-0.4,996.00,"1,005.00",970.00,"23,510",998.00,-4
SALICO,526.80,-0.79,520.10,530.00,517.10,"5,837",531.00,-4.2
SANIMA,360.00,0.53,361.00,361.90,356.10,"67,627",358.10,1.9
SANVI,550.00,-1.79,556.10,565.00,550.00,"6,791",560.00,-10
SAPDBL,689.00,-1.01,662.00,716.00,662.00,"19,590",696.00,-7
SAPIL,"1,210.00",-1.63,"1,220.00","1,228.00","1,175.00","34,865","1,230.00",-20
SARBTM,795.00,0.13,797.00,797.00,789.00,"7,917",794.00,1
SBCF,9.02,0,9.20,9.29,9.02,"2,200",9.02,0
SBI,397.90,-0.52,395.00,400.80,395.00,"75,210",400.00,-2.1
SBID89,"1,163.90",3,"1,135.00","1,163.90","1,135.00",103,"1,130.00",33.9
SBL,412.00,0.81,408.00,414.00,408.00,"68,249",408.70,3.3
SCB,645.50,0.06,645.10,651.00,644.00,"19,963",645.10,0.4
SEF,9.40,1.4,9.40,9.45,9.20,"519,000",9.27,0.13
SEF2,8.93,-0.78,9.00,9.10,8.73,"8,700",9.00,-0.07
SFEF,9.86,0.1,9.85,9.86,9.56,"5,100",9.85,0.01
SFMF,9.27,-0.86,9.27,9.27,9.27,"3,850",9.35,-0.08
SGHC,287.30,0.45,286.00,290.90,286.00,"15,667",286.00,1.3
SGHL,481.10,-0.41,484.00,485.00,478.00,"43,151",483.10,-2
SGIC,379.80,1.04,375.00,380.60,375.00,"10,686",375.90,3.9
SHEL,293.70,0.07,291.10,294.00,291.00,"26,314",293.50,0.2
SHINE,408.90,0.27,405.50,410.00,401.00,"20,749",407.80,1.1
SHINED,"1,096.00",-2.58,"1,105.00","1,105.00","1,105.00",26,"1,125.00",-29
SHIVM,661.00,0.46,660.00,665.70,656.20,"174,067",658.00,3
SHL,502.00,0.4,498.00,502.00,497.00,"6,427",500.00,2
SHLB,"1,251.00",0.08,"1,250.00","1,285.00","1,250.00",705,"1,250.00",1
SHPC,505.20,0.06,505.00,509.00,501.00,"68,850",504.90,0.3
SICL,522.60,0.5,525.00,525.00,516.00,"6,841",520.00,2.6
SIFC,478.00,-0.93,480.00,483.00,478.00,"2,743",482.50,-4.5
SIGS3,10.10,1,9.95,10.15,9.95,"20,400",10.00,0.1
SIKLES,566.10,0.39,561.00,566.90,555.00,"9,256",563.90,2.2
SINDU,585.50,-1.1,564.00,598.30,564.00,"3,256",592.00,-6.5
SIPD,580.00,-0.17,585.00,590.00,565.00,"7,186",581.00,-1
SJCL,236.20,-1.13,238.00,239.00,234.00,"28,546",238.90,-2.7
SJLIC,397.70,0.18,395.00,397.80,392.00,"7,388",397.00,0.7
SKBBL,741.00,0,741.00,745.00,740.00,"7,787",741.00,0
SKHEL,819.00,0.49,815.50,819.00,799.00,"2,769",815.00,4
SKHL,730.00,-0.68,735.00,742.00,726.00,"15,978",735.00,-5
SLBBL,780.80,0.1,775.20,790.00,775.20,"1,411",780.00,0.8
SLBSL,889.90,2.88,865.00,889.90,865.00,18,865.00,24.9
SLCF,9.06,-0.44,9.00,9.10,9.00,"1,750",9.10,-0.04
SMATA,682.00,-0.15,685.00,685.00,680.00,"1,340",683.00,-1
SMB,"1,718.10",0.01,"1,740.00","1,740.00","1,715.00",421,"1,718.00",0.1
SMFBS,"1,333.00",-4.38,"1,398.00","1,398.00","1,333.00",403,"1,394.00",-61
SMH,499.00,1.4,495.90,500.00,492.50,"5,945",492.10,6.9
SMHL,527.00,-2.04,545.00,545.00,527.00,"167,364",538.00,-11
SMJC,405.00,-0.25,406.00,410.00,398.10,"7,472",406.00,-1
SMPDA,720.00,0,729.00,729.00,707.30,519,720.00,0
SNLI,386.30,-0.44,380.00,391.00,380.00,"11,828",388.00,-1.7
SNORL,879.00,1.74,855.10,879.90,852.00,"9,438",864.00,15
SOHL,650.50,-1.89,650.00,672.90,650.00,"194,626",663.00,-12.5
SONA,404.00,-1.46,415.00,415.00,404.00,"23,807",410.00,-6
SOPL,725.00,-1.23,728.00,733.90,720.20,"26,050",734.00,-9
SPC,397.90,0.23,408.90,408.90,390.00,"1,285",397.00,0.9
SPDL,348.90,1.13,350.00,350.00,341.30,"11,031",345.00,3.9
SPHL,518.00,0.19,515.00,522.00,505.60,"13,060",517.00,1
SPIL,595.30,-1.51,605.00,605.00,595.00,"1,456",604.40,-9.1
SPL,640.00,-3.61,645.00,645.00,622.00,"4,541",664.00,-24
SRLI,355.20,0.48,352.00,358.50,350.00,"13,933",353.50,1.7
SSHL,191.20,-1.09,193.50,194.50,190.00,"49,706",193.30,-2.1
STC,"5,206.10",0.24,"5,269.00","5,269.00","5,200.00","1,168","5,193.70",12.4
SWASTIK,"1,844.90",0.28,"1,804.00","1,857.90","1,799.90",530,"1,839.80",5.1
SWBBL,670.00,0.9,670.00,676.00,665.30,"5,240",664.00,6
SWMF,579.00,-0.43,581.50,581.50,575.00,"1,019",581.50,-2.5
SYPNL,"1,281.00",0.12,"1,215.60","1,311.00","1,215.60","58,760","1,279.50",1.5
TAMOR,503.00,-0.2,500.00,507.00,493.20,"265,982",504.00,-1
TPC,344.00,0,340.00,350.00,339.70,"6,250",344.00,0
TPKHL,515.00,1.98,505.00,520.10,499.00,"23,830",505.00,10
TRH,790.00,-1.13,809.90,809.90,775.00,"4,149",799.00,-9
TSHL,333.40,-0.09,335.00,343.00,332.20,"1,576",333.70,-0.3
TTL,680.00,0.16,685.00,694.00,680.00,"4,541",678.90,1.1
TVCL,330.00,-1.49,319.00,339.40,317.00,"11,916",335.00,-5
UAIL,363.30,-0.87,366.50,371.90,363.10,"13,863",366.50,-3.2
UHEWA,583.60,-1.92,590.00,602.00,583.60,"15,127",595.00,-11.4
ULBSL,"2,926.00",4.87,"2,926.00","2,926.00","2,926.00",10,"2,790.00",136
ULHC,300.00,3.09,290.00,305.00,290.00,"10,180",291.00,9
UMHL,562.40,0.7,555.00,588.00,551.00,"133,544",558.50,3.9
UMRH,514.00,0,505.10,514.00,505.10,"2,839",514.00,0
UNHPL,353.70,-0.08,355.50,357.50,348.40,"5,151",354.00,-0.3
UNL,"46,250.00",0.11,"46,250.00","46,250.00","46,250.00",10,"46,200.00",50
UNLB,"1,234.80",0.81,"1,258.90","1,258.90","1,200.00",503,"1,224.90",9.9
UPCL,344.00,1.5,339.00,344.00,333.00,"39,119",338.90,5.1
UPPER,182.00,-0.76,183.50,184.70,181.50,"67,824",183.40,-1.4
USHEC,492.20,1.69,484.00,519.00,484.00,"8,329",484.00,8.2
USHL,515.00,0.19,539.70,539.70,496.00,"4,175",514.00,1
USLB,"1,012.70",1.78,"1,014.00","1,014.00","1,000.00",221,995.00,17.7
VLBS,619.00,0,618.50,636.90,602.00,"2,035",619.00,0
VLUCL,379.50,1.2,386.20,386.20,370.00,"2,365",375.00,4.5
WNLB,"1,055.00",8.76,971.10,"1,099.00",971.10,"2,068",970.00,85
YMHL,562.00,-0.35,562.00,569.80,548.00,"16,837",564.00,-2
